"Customer First Name","Customer Last Name",Address
RAFAEL,ABNEY,"48 Maracaíbo Place, Talavera, Philippines"
NATHANIEL,ADAM,"786 Matsue Way, Joliet, United States"
KATHLEEN,ADAMS,"334 Munger (Monghyr) Lane, Arak, Iran"
DIANA,ALEXANDER,"1308 Arecibo Way, Augusta-Richmond County, United States"
GORDON,ALLARD,"434 Ourense (Orense) Manor, Hodeida, Yemen"
SHIRLEY,ALLEN,"217 Botshabelo Place, Davao, Philippines"
CHARLENE,ALVAREZ,"1842 Luziânia Boulevard, Zanzibar, Tanzania"
LISA,ANDERSON,"1542 Tarlac Parkway, Sagamihara, Japan"
JOSE,ANDREW,"1016 Iwakuni Street, Kingstown, Saint Vincent and the Grenadines"
IDA,ANDREWS,"1839 Székesfehérvár Parkway, Luziânia, Brazil"
OSCAR,AQUINO,"956 Nam Dinh Manor, Sirjan, Iran"
HARRY,ARCE,"1922 Miraj Way, Najafabad, Iran"
JORDAN,ARCHULETA,"1229 Varanasi (Benares) Manor, Avellaneda, Argentina"
MELANIE,ARMSTRONG,"1166 Changhwa Street, Bayugan, Philippines"
BEATRICE,ARNOLD,"1877 Ezhou Lane, Udaipur, India"
KENT,ARSENAULT,"32 Liaocheng Way, Juiz de Fora, Brazil"
CARL,ARTIS,"1628 Nagareyama Lane, San Lorenzo, Paraguay"
DARRYL,ASHCRAFT,"166 Jinchang Street, Ezeiza, Argentina"
TYRONE,ASHER,"191 José Azueta Parkway, Ruse, Bulgaria"
ALMA,AUSTIN,"1074 Binzhou Manor, Mannheim, Germany"
MILDRED,BAILEY,"81 Hodeida Way, Jaipur, India"
PAMELA,BAKER,"1440 Fukuyama Loop, Nanyang, China"
MARTIN,BALES,"368 Huánuco Boulevard, Namibe, Angola"
EVERETT,BANDA,"1741 Hoshiarpur Boulevard, Bilbays, Egypt"
JESSIE,BANKS,"1229 Valencia Parkway, Stara Zagora, Bulgaria"
CLAYTON,BARBEE,"1407 Pachuca de Soto Place, Alvorada, Brazil"
ANGEL,BARCLAY,"496 Celaya Drive, Ueda, Japan"
NICHOLAS,BARFIELD,"1163 London Parkway, Belém, Brazil"
VICTOR,BARKLEY,"401 Sucre Boulevard, Manchester, United States"
RACHEL,BARNES,"586 Tete Way, Kamakura, Japan"
CAROLE,BARNETT,"1980 Kamjanets-Podilskyi Street, Peoria, United States"
TRACEY,BARRETT,"1006 Santa Bárbara d´Oeste Manor, Owo, Nigeria"
DAISY,BATES,"661 Chisinau Lane, Kolpino, Russian Federation"
EDWARD,BAUGH,"1359 Zhoushan Parkway, Tórshavn, Faroe Islands"
ROBERT,BAUGHMAN,"1883 Maikop Lane, Kaliningrad, Russian Federation"
JEAN,BELL,"1114 Liepaja Street, Kuching, Malaysia"
CHESTER,BENNER,"1574 Goiânia Boulevard, Suihua, China"
JANE,BENNETT,"1692 Ede Loop, Araçatuba, Brazil"
REGINA,BERRY,"475 Atšinsk Way, Jinchang, China"
CHARLIE,BESS,"362 Rajkot Lane, Baiyin, China"
MIGUEL,BETANCOURT,"319 Springs Loop, Erlangen, Germany"
HENRY,BILLINGSLEY,"1516 Escobar Drive, Nuku´alofa, Tonga"
AGNES,BISHOP,"866 Shivapuri Manor, Sambhal, India"
VALERIE,BLACK,"782 Mosul Street, Brockton, United States"
DEREK,BLAKELY,"118 Jaffna Loop, Gingoog, Philippines"
MATHEW,BOLIN,"163 Augusta-Richmond County Loop, Valencia, Venezuela"
DON,BONE,"596 Huixquilucan Place, Naçala-Porto, Mozambique"
LEON,BOSTIC,"734 Tanshui Avenue, Florencia, Colombia"
BOBBY,BOUDREAU,"1368 Maracaíbo Boulevard, South Hill, Anguilla"
DERRICK,BOURQUE,"1153 Allende Way, Gatineau, Canada"
CLIFFORD,BOWENS,"207 Cuernavaca Loop, Nabereznyje Tšelny, Russian Federation"
CAROLINE,BOWMAN,"1309 Weifang Street, Tallahassee, United States"
BYRON,BOX,"521 San Juan Bautista Tuxtepec Place, Zhezqazghan, Kazakstan"
EMMA,BOYD,"765 Southampton Drive, Qalyub, Egypt"
ANA,BRADLEY,"682 Garden Grove Place, Memphis, United States"
TED,BREAUX,"183 Haiphong Street, Baicheng, China"
VICKIE,BREWER,"1966 Tonghae Street, Halle/Saale, Germany"
RUSSELL,BRINSON,"1642 Charlotte Amalie Drive, Tychy, Poland"
BEVERLY,BROOKS,"1947 Poços de Caldas Boulevard, Chiayi, Taiwan"
CHRIS,BROTHERS,"331 Bydgoszcz Parkway, Gijón, Spain"
ELIZABETH,BROWN,"53 Idfu Parkway, Nantou, Taiwan"
GUY,BROWNLEE,"346 Cam Ranh Avenue, Zhoushan, China"
PAULA,BRYANT,"1697 Tanauan Lane, Pathankot, India"
CLINTON,BUFORD,"43 Vilnius Manor, Aurora, United States"
WESLEY,BULL,"1469 Plock Lane, Ourense (Orense), Spain"
TIMOTHY,BUNN,"981 Kumbakonam Place, Brasília, Brazil"
EDWIN,BURK,"1766 Almirante Brown Street, Newcastle, South Africa"
LYDIA,BURKE,"1483 Pathankot Street, San Miguel de Tucumán, Argentina"
SIDNEY,BURLESON,"1405 Hagonoy Avenue, Czestochowa, Poland"
APRIL,BURNS,"483 Ljubertsy Parkway, Dundee, United Kingdom"
COLLEEN,BURTON,"430 Alessandria Loop, Saarbrücken, Germany"
LEROY,BUSTAMANTE,"105 Dzerzinsk Manor, Tongliao, China"
LOIS,BUTLER,"1370 Le Mans Avenue, Bandar Seri Begawan, Brunei"
ALLEN,BUTTERFIELD,"791 Salinas Street, Hoshiarpur, India"
DEANNA,BYRD,"862 Xintai Lane, Tuguegarao, Philippines"
DANIEL,CABRAL,"543 Bergamo Avenue, Ibirité, Brazil"
KAY,CALDWELL,"85 San Felipe de Puerto Plata Drive, Yantai, China"
CATHERINE,CAMPBELL,"46 Pjatigorsk Lane, Moscow, Russian Federation"
CHAD,CARBONE,"1948 Bayugan Parkway, Katihar, India"
TERRY,CARLSON,"752 Ondo Loop, Miyakonojo, Japan"
LORETTA,CARPENTER,"891 Novi Sad Manor, Oshawa, Canada"
EILEEN,CARR,"1679 Antofagasta Street, Ciudad del Este, Paraguay"
TONY,CARRANZA,"454 Patiala Lane, Koriyama, Japan"
JUNE,CARROLL,"757 Rustenburg Avenue, Skikda, Algeria"
AMANDA,CARTER,"671 Graz Street, Nador, Morocco"
TIM,CARY,"1257 Guadalajara Street, Bijapur, India"
ALFRED,CASILLAS,"1727 Matamoros Place, Sawhaj, Egypt"
GERTRUDE,CASTILLO,"850 Salala Loop, Nuuk, Greenland"
JENNY,CASTRO,"1405 Chisinau Place, Ponce, Puerto Rico"
PHILIP,CAUSEY,"954 Lapu-Lapu Way, Korolev, Russian Federation"
KRISTINA,CHAMBERS,"544 Tarsus Boulevard, Valle de la Pascua, Venezuela"
VERNON,CHAPA,"698 Jelets Boulevard, Denizli, Turkey"
TONYA,CHAPMAN,"43 Dadu Avenue, Bhilwara, India"
KRISTEN,CHAVEZ,"345 Oshawa Boulevard, Hino, Japan"
MARIO,CHEATHAM,"1924 Shimonoseki Drive, Batna, Algeria"
PEDRO,CHESTNUT,"421 Yaoundé Street, Šostka, Ukraine"
JOHNNIE,CHISHOLM,"1501 Pangkal Pinang Avenue, Plock, Poland"
RAMON,CHOATE,"1954 Kowloon and New Kowloon Way, Ríobamba, Ecuador"
NELSON,CHRISTENSON,"1764 Jalib al-Shuyukh Parkway, Santiago de Compostela, Spain"
FERNANDO,CHURCHILL,"193 Bhusawal Place, Tonghae, South Korea"
AUSTIN,CINTRON,"1325 Fukuyama Street, Tieli, China"
MICHELLE,CLARK,"262 A Coruña (La Coruña) Parkway, Tangail, Bangladesh"
ADRIAN,CLARY,"1986 Sivas Place, Udine, Italy"
BERNARD,COLBY,"495 Bhimavaram Lane, Dhule (Dhulia), India"
TRACY,COLE,"1002 Ahmadnagar Manor, Huixquilucan, Mexico"
KATHRYN,COLEMAN,"927 Bahía Blanca Parkway, Simferopol, Ukraine"
TOMMY,COLLAZO,"76 Kermanshah Manor, Qomsheh, Iran"
DIANE,COLLINS,"115 Hidalgo Parkway, Omdurman, Sudan"
GLORIA,COOK,"1668 Saint Louis Place, Papeete, French Polynesia"
JOAN,COOPER,"1717 Guadalajara Lane, Saint Louis, United States"
ALLAN,CORNISH,"947 Tórshavn Place, Tarlac, Philippines"
BRETT,CORNWELL,"1197 Sokoto Boulevard, Siliguri (Shiliguri), India"
CARLOS,COUGHLIN,"97 Mogiljov Lane, Bhavnagar, India"
JUDITH,COX,"1966 Amroha Avenue, Daxian, China"
GARY,COY,"867 Benin City Avenue, Yuzhou, China"
BOBBIE,CRAIG,"86 Higashiosaka Lane, Valle de Santiago, Mexico"
ESTHER,CRAWFORD,"898 Belém Manor, Botshabelo, South Africa"
MAURICE,CRAWLEY,"1785 São Bernardo do Campo Street, Coatzacoalcos, Mexico"
IVAN,CROMWELL,"1351 Sousse Lane, Monclova, Mexico"
ALBERT,CROUSE,"1641 Changhwa Place, Bamenda, Cameroon"
KIM,CRUZ,"333 Goiânia Way, Grand Prairie, United States"
THEODORE,CULP,"1704 Tambaram Manor, Uluberia, India"
EUGENE,CULPEPPER,"686 Donostia-San Sebastián Lane, Shenzhen, China"
STACY,CUNNINGHAM,"1410 Benin City Parkway, Pereira, Colombia"
STEVEN,CURLEY,"651 Pathankot Loop, Miraj, India"
NORMAN,CURRIER,"1445 Carmen Parkway, Cianjur, Indonesia"
LEAH,CURTIS,"906 Goiânia Way, Kalisz, Poland"
DANIELLE,DANIELS,"781 Shimonoseki Drive, Hidalgo, Mexico"
PATSY,DAVIDSON,"816 Cayenne Parkway, Portoviejo, Ecuador"
JENNIFER,DAVIS,"1795 Santiago de Compostela Way, Laredo, United States"
COURTNEY,DAY,"300 Junan Street, Uijongbu, South Korea"
MARCIA,DEAN,"1479 Rustenburg Boulevard, Tanza, Philippines"
ALVIN,DELOACH,"1447 Chatsworth Place, Cuauhtémoc, Mexico"
RON,DELUCA,"1949 Sanya Street, Isesaki, Japan"
WADE,DELVALLE,"1331 Usak Boulevard, Lausanne, Switzerland"
HERMAN,DEVORE,"64 Korla Street, Mwanza, Tanzania"
EMILY,DIAZ,"588 Vila Velha Manor, Kimchon, South Korea"
AMBER,DIXON,"1029 Dzerzinsk Manor, Touliu, Taiwan"
MARSHA,DOUGLAS,"771 Yaoundé Manor, Beira, Mozambique"
SEAN,DOUGLASS,"614 Pak Kret Street, Addis Abeba, Ethiopia"
LLOYD,DOWD,"935 Aden Boulevard, Tegal, Indonesia"
FREDDIE,DUGGAN,"1103 Quilmes Boulevard, Sullana, Peru"
SAMANTHA,DUNCAN,"146 Johannesburg Way, Matamoros, Mexico"
ERIN,DUNN,"1623 Bahía Blanca Manor, Ljubertsy, Russian Federation"
JEFF,EAST,"437 Chungho Drive, San Felipe de Puerto Plata, Dominican Republic"
BEN,EASTER,"886 Tonghae Place, Kamyšin, Russian Federation"
LEO,EBERT,"1322 Mosul Parkway, Dongying, China"
JOYCE,EDWARDS,"725 Isesaki Place, Jedda, Saudi Arabia"
JIMMIE,EGGLESTON,"505 Madiun Boulevard, Wroclaw, Poland"
MELVIN,ELLINGTON,"1557 Cape Coral Parkway, Laohekou, China"
KATIE,ELLIOTT,"447 Surakarta Loop, Kisumu, Kenya"
GRACE,ELLIS,"442 Rae Bareli Place, Duisburg, Germany"
JAVIER,ELROD,"195 Ilorin Street, NDjamna, Chad"
JARED,ELY,"1003 Qinhuangdao Street, Purwakarta, Indonesia"
KURT,EMMONS,"1421 Quilmes Lane, Kanazawa, Japan"
TRAVIS,ESTEP,"289 Santo André Manor, al-Qatif, Saudi Arabia"
ANN,EVANS,"909 Garland Manor, Niznekamsk, Russian Federation"
JOHN,FARNSWORTH,"41 El Alto Parkway, Parbhani, India"
ALEXANDER,FENNELL,"231 Kaliningrad Place, Bergamo, Italy"
BERTHA,FERGUSON,"1367 Yantai Manor, Ondo, Nigeria"
MELINDA,FERNANDEZ,"1820 Maringá Parkway, Mandi Bahauddin, Pakistan"
VICKI,FIELDS,"68 Molodetšno Manor, Witten, Germany"
CINDY,FISHER,"1079 Tel Aviv-Jaffa Boulevard, Cumaná, Venezuela"
MYRTLE,FLEMING,"532 Toulon Street, Santiago de los Caballeros, Dominican Republic"
MAE,FLETCHER,"44 Najafabad Way, Donostia-San Sebastián, Spain"
JULIA,FLORES,"1926 El Alto Avenue, La Plata, Argentina"
CRYSTAL,FORD,"659 Vaduz Drive, Ashdod, Israel"
MICHEAL,FORMAN,"203 Tambaram Street, Escobar, Argentina"
ENRIQUE,FORSYTHE,"1101 Bucuresti Boulevard, Patras, Greece"
RAUL,FORTIER,"1747 Rustenburg Place, Chapra, India"
HOWARD,FORTNER,"220 Hidalgo Drive, Kermanshah, Iran"
PHYLLIS,FOSTER,"832 Nakhon Sawan Manor, Zalantun, China"
JACK,FOUST,"1378 Beira Loop, Zeleznogorsk, Russian Federation"
JO,FOWLER,"786 Stara Zagora Way, Oyo, Nigeria"
HOLLY,FOX,"435 0 Way, Haldia, India"
JUAN,FRALEY,"469 Nakhon Sawan Street, Tšeboksary, Russian Federation"
JOEL,FRANCISCO,"287 Cuautla Boulevard, Sucre, Bolivia"
BETH,FRANKLIN,"1149 A Coruña (La Coruña) Boulevard, Haiphong, Vietnam"
GLENDA,FRAZIER,"1246 Boksburg Parkway, Qinhuangdao, China"
SHANNON,FREEMAN,"117 Boa Vista Way, Varanasi (Benares), India"
CLAUDIA,FULLER,"346 Skikda Parkway, Jalib al-Shuyukh, Kuwait"
GERALD,FULTZ,"45 Aparecida de Goiânia Place, Satna, India"
FELIX,GAFFNEY,"1059 Yuncheng Avenue, Vilnius, Lithuania"
RANDY,GAITHER,"1618 Olomouc Manor, Kurgan, Russian Federation"
CLARENCE,GAMEZ,"767 Pyongyang Drive, Izumisano, Japan"
FLOYD,GANDY,"1088 Ibirité Place, Zapopan, Mexico"
JAMES,GANNON,"1635 Kuwana Boulevard, Hiroshima, Japan"
CAROL,GARCIA,"320 Brest Avenue, Kaduna, Nigeria"
DAVE,GARDINER,"1052 Pathankot Avenue, Leshan, China"
JOANN,GARDNER,"842 Salzburg Lane, Tarsus, Turkey"
NELLIE,GARRETT,"1964 Gijón Manor, Shimoga, India"
PEARL,GARZA,"60 Poços de Caldas Street, Jodhpur, India"
BILL,GAVIN,"1485 Bratislava Place, Rockford, United States"
RUBEN,GEARY,"414 Mandaluyong Street, Lublin, Poland"
JOY,GEORGE,"1256 Bislig Boulevard, Botosani, Romania"
VICTORIA,GIBSON,"544 Malmö Parkway, Pemalang, Indonesia"
TANYA,GILBERT,"647 A Coruña (La Coruña) Street, Naju, South Korea"
DUSTIN,GILLETTE,"1854 Okara Boulevard, Emmen, Netherlands"
JOE,GILLILAND,"953 Hodeida Street, Imus, Philippines"
DENNIS,GILMAN,"1443 Mardan Street, Paarl, South Africa"
JOSEPHINE,GOMEZ,"211 Chiayi Drive, Etawah, India"
NORMA,GONZALES,"152 Kitwe Parkway, Bislig, Philippines"
MARTHA,GONZALEZ,"269 Cam Ranh Parkway, Chisinau, Moldova"
ADAM,GOOCH,"230 Urawa Drive, Adoni, India"
KENNETH,GOODEN,"1542 Lubumbashi Boulevard, Bat Yam, Israel"
LESLIE,GORDON,"374 Bat Yam Boulevard, Kilis, Turkey"
DOUGLAS,GRAF,"785 Vaduz Street, Mexicali, Mexico"
RITA,GRAHAM,"1386 Yangor Avenue, Toulon, France"
MICHELE,GRANT,"798 Cianjur Avenue, Yuncheng, China"
BRANDY,GRAVES,"1944 Bamenda Way, Warren, United States"
JUDY,GRAY,"1031 Daugavpils Parkway, Béchar, Algeria"
CHRISTOPHER,GRECO,"1224 Huejutla de Reyes Boulevard, Brescia, Italy"
VIRGINIA,GREEN,"391 Callao Drive, Toulouse, France"
JEANETTE,GREENE,"1077 San Felipe de Puerto Plata Place, Novotšerkassk, Russian Federation"
SONIA,GREGORY,"1279 Udine Parkway, Benin City, Nigeria"
ALEX,GRESHAM,"251 Florencia Drive, Uruapan, Mexico"
ROSS,GREY,"951 Springs Lane, Iligan, Philippines"
LILLIAN,GRIFFIN,"669 Firozabad Loop, al-Ayn, United Arab Emirates"
THOMAS,GRIGSBY,"1191 Sungai Petani Boulevard, Kansas City, United States"
TERRY,GRISSOM,"619 Huánuco Avenue, Matsue, Japan"
ARMANDO,GRUBER,"869 Shikarpur Way, Southport, United Kingdom"
HARVEY,GUAJARDO,"600 Purnea (Purnia) Avenue, Vinh, Vietnam"
ERIK,GUILLEN,"635 Brest Manor, Bhimavaram, India"
TERRENCE,GUNDERSON,"844 Bucuresti Place, Jinzhou, China"
CARLA,GUTIERREZ,"642 Nador Drive, Bhusawal, India"
RAMONA,HALE,"951 Stara Zagora Manor, Patiala, India"
JESSICA,HALL,"18 Duisburg Boulevard, Città del Vaticano, Holy See (Vatican City State)"
GLADYS,HAMILTON,"1177 Jelets Way, Ilorin, Nigeria"
SETH,HANNON,"1759 Niznekamsk Avenue, al-Manama, Bahrain"
DELORES,HANSEN,"810 Palghat (Palakkad) Boulevard, Jaroslavl, Russian Federation"
VIOLA,HANSON,"582 Papeete Loop, Lapu-Lapu, Philippines"
GABRIEL,HARDER,"680 A Coruña (La Coruña) Manor, Sivas, Turkey"
BRYAN,HARDISON,"530 Lausanne Lane, Dallas, United States"
BRENT,HARKINS,"319 Plock Parkway, Sultanbeyli, Turkey"
ROBERTA,HARPER,"927 Barcelona Street, Shahr-e Kord, Iran"
HELEN,HARRIS,"419 Iligan Lane, Bhopal, India"
WENDY,HARRISON,"1107 Nakhon Sawan Avenue, Nezahualcóyotl, Mexico"
DANA,HART,"1089 Iwatsuki Avenue, Kirovo-Tšepetsk, Russian Federation"
ARLENE,HARVEY,"1014 Loja Manor, Ambattur, India"
COREY,HAUSER,"984 Novotšerkassk Loop, Gaziantep, Turkey"
ARNOLD,HAVENS,"1176 Southend-on-Sea Manor, Santa Rosa, Philippines"
JILL,HAWKINS,"1440 Compton Place, Linz, Austria"
LEE,HAWKS,"1661 Abha Drive, Pudukkottai, India"
ROBIN,HAYES,"1913 Kamakura Place, Jelets, Russian Federation"
SHAWN,HEATON,"1337 Mit Ghamr Avenue, Nakhon Sawan, Thailand"
ANDREA,HENDERSON,"320 Baiyin Parkway, Mahajanga, Madagascar"
ALBERTO,HENNING,"502 Mandi Bahauddin Parkway, Barcelona, Venezuela"
PAULINE,HENRY,"261 Saint Louis Way, Torreón, Mexico"
ANGELA,HERNANDEZ,"786 Aurora Avenue, Shimonoseki, Japan"
NORA,HERRERA,"1587 Loja Manor, Salzburg, Austria"
TRACY,HERRMANN,"1074 Sanaa Parkway, Loja, Ecuador"
CLAUDE,HERZOG,"486 Ondo Parkway, Benguela, Angola"
EDUARDO,HIATT,"1837 Kaduna Parkway, Jining, China"
MONICA,HICKS,"1752 São Leopoldo Parkway, Mukatševe, Ukraine"
MARCUS,HIDALGO,"1289 Belém Boulevard, Tartu, Estonia"
ANNA,HILL,"127 Purnea (Purnia) Manor, Alessandria, Italy"
ZACHARY,HITE,"98 Pyongyang Boulevard, Akron, United States"
MATTIE,HOFFMAN,"1497 Yuzhou Drive, London, United Kingdom"
MABEL,HOLLAND,"51 Laredo Avenue, Monywa, Myanmar"
PHILLIP,HOLM,"102 Chapra Drive, Tama, Japan"
LUCILLE,HOLMES,"999 Sanaa Loop, Soshanguve, South Africa"
TONI,HOLT,"1936 Cumaná Avenue, Roanoke, United States"
HILDA,HOPKINS,"1831 Nam Dinh Loop, Mandaluyong, Philippines"
BILLIE,HORTON,"457 Tongliao Loop, Inegöl, Turkey"
RAY,HOULE,"740 Udaipur Lane, Dzerzinsk, Russian Federation"
ROSE,HOWARD,"698 Otsu Street, Cayenne, French Guiana"
WILLIE,HOWELL,"1244 Allappuzha (Alleppey) Place, Vicente López, Argentina"
MILTON,HOWLAND,"758 Korolev Parkway, Vijayawada, India"
LAUREN,HUDSON,"1740 Le Mans Loop, Le Mans, France"
BRANDON,HUEY,"1912 Emeishan Drive, Balikesir, Turkey"
BONNIE,HUGHES,"1942 Ciparay Parkway, Cheju, South Korea"
ELEANOR,HUNT,"1952 Pune Lane, Saint-Denis, Réunion"
CHARLOTTE,HUNTER,"758 Junan Lane, Águas Lindas de Goiás, Brazil"
JEREMY,HURTADO,"1133 Rizhao Avenue, Vitória de Santo Antão, Brazil"
CURTIS,IRBY,"432 Garden Grove Street, Richmond Hill, Canada"
FREDERICK,ISBELL,"1404 Taguig Drive, Tsuyama, Japan"
DANNY,ISOM,"734 Béchar Place, Okara, Pakistan"
KAREN,JACKSON,"270 Amroha Parkway, Osmaniye, Turkey"
GEORGIA,JACOBS,"954 Kimchon Place, Uttarpara-Kotrung, India"
KATHY,JAMES,"492 Cam Ranh Street, Baybay, Philippines"
LOUISE,JENKINS,"929 Tallahassee Loop, Springs, South Africa"
NAOMI,JENNINGS,"1884 Shikarpur Avenue, Karnal, India"
LENA,JENSEN,"1027 Banjul Place, Halisahar, India"
OLGA,JIMENEZ,"556 Baybay Manor, Ogbomosho, Nigeria"
PATRICIA,JOHNSON,"1121 Loja Avenue, San Bernardino, United States"
KRISTIN,JOHNSTON,"226 Brest Manor, Sunnyvale, United States"
BARBARA,JONES,"1566 Inegöl Manor, Myingyan, Myanmar"
TIFFANY,JORDAN,"804 Elista Drive, Enshi, China"
JERRY,JORDON,"124 al-Manama Way, Onomichi, Japan"
JOSEPH,JOY,"1354 Siegen Street, Angra dos Reis, Brazil"
CHRISTIAN,JUNG,"949 Allende Lane, Amroha, India"
ALAN,KAHN,"753 Ilorin Avenue, Emeishan, China"
ELSIE,KELLEY,"955 Bamenda Way, Ikerre, Nigeria"
DENISE,KELLY,"1206 Dos Quebradas Place, Rio Claro, Brazil"
RHONDA,KENNEDY,"1749 Daxian Place, Apeldoorn, Netherlands"
JEROME,KENYON,"1872 Toulon Loop, Rancagua, Chile"
LILLIE,KIM,"1736 Cavite Place, Idfu, Egypt"
REGINALD,KINDER,"519 Brescia Parkway, Madiun, Indonesia"
MELISSA,KING,"1668 Anápolis Street, Lungtan, Taiwan"
GAIL,KNIGHT,"185 Novi Sad Place, Bern, Switzerland"
KELLY,KNOTT,"390 Wroclaw Way, Sanya, China"
CHARLES,KOWALSKI,"715 São Bernardo do Campo Lane, Sungai Petani, Malaysia"
LESTER,KRAUS,"1013 Tabuk Boulevard, Kanchrapara, India"
HERBERT,KRUGER,"1823 Hoshiarpur Lane, Syktyvkar, Russian Federation"
MISTY,LAMBERT,"1192 Tongliao Street, Sharja, United Arab Emirates"
JACOB,LANCE,"1866 al-Qatif Avenue, El Monte, United States"
RENEE,LANE,"533 al-Ayn Boulevard, Compton, United States"
HEIDI,LARSON,"1103 Bilbays Parkway, Xi´angfan, China"
DARYL,LARUE,"1208 Tama Loop, Mosul, Iraq"
LAURIE,LAWRENCE,"9 San Miguel de Tucumán Manor, Firozabad, India"
JEANNE,LAWSON,"387 Mwene-Ditu Drive, Ashgabat, Turkmenistan"
LAWRENCE,LAWTON,"114 Jalib al-Shuyukh Manor, Yaoundé, Cameroon"
KIMBERLY,LEE,"96 Tafuna Way, Córdoba, Argentina"
LOUIS,LEONE,"1191 Tandil Drive, Tanauan, Philippines"
SARAH,LEWIS,"1780 Hino Boulevard, Liepaja, Latvia"
GEORGE,LINTON,"1957 Yantai Lane, Sorocaba, Brazil"
MAUREEN,LITTLE,"201 Effon-Alaiye Way, Asunción, Paraguay"
DWIGHT,LOMBARDI,"1497 Fengshan Drive, Chatsworth, South Africa"
JACQUELINE,LONG,"870 Ashqelon Loop, Songkhla, Thailand"
AMY,LOPEZ,"176 Mandaluyong Place, Jhansi, India"
BARRY,LOVELACE,"1836 Korla Parkway, Kitwe, Zambia"
PRISCILLA,LOWE,"144 South Hill Loop, Salamanca, Mexico"
VELMA,LUCAS,"1155 Liaocheng Place, Effon-Alaiye, Nigeria"
WILLARD,LUMPKIN,"1819 Alessandria Loop, Carmen, Mexico"
LEWIS,LYMAN,"632 Usolje-Sibirskoje Parkway, Ashqelon, Israel"
JACKIE,LYNCH,"98 Stara Zagora Boulevard, Buenaventura, Colombia"
STEVE,MACKENZIE,"154 Oshawa Manor, Probolinggo, Indonesia"
RALPH,MADRIGAL,"1009 Zanzibar Lane, Arecibo, Puerto Rico"
MATTHEW,MAHAN,"479 San Felipe del Progreso Avenue, Cuautla, Mexico"
DONALD,MAHON,"1774 Yaoundé Place, Ezhou, China"
CLIFTON,MALCOLM,"1489 Kakamigahara Lane, Tanshui, Taiwan"
JOSHUA,MARK,"1920 Weifang Avenue, Rampur, India"
WILLIE,MARKHAM,"1623 Kingstown Drive, Almirante Brown, Argentina"
SAMUEL,MARLOW,"604 Bern Place, Ranchi, India"
SHERRY,MARSHALL,"1987 Coacalco de Berriozábal Loop, Shubra al-Khayma, Egypt"
CALVIN,MARTEL,"138 Caracas Boulevard, Maracaíbo, Venezuela"
SANDRA,MARTIN,"360 Toulouse Parkway, Southend-on-Sea, United Kingdom"
RUTH,MARTINEZ,"1417 Lancaster Avenue, Kimberley, South Africa"
HAROLD,MARTINO,"1293 Nam Dinh Way, Boa Vista, Brazil"
JUANITA,MASON,"943 Johannesburg Avenue, Pune, India"
ERICA,MATTHEWS,"1294 Firozabad Drive, Pingxiang, China"
RICK,MATTOX,"775 Šostka Drive, Mit Ghamr, Egypt"
GREGORY,MAULDIN,"507 Smolensk Loop, Sousse, Tunisia"
GWENDOLYN,MAY,"446 Kirovo-Tšepetsk Lane, Higashiosaka, Japan"
ALFREDO,MCADAMS,"1407 Surakarta Manor, Serpuhov, Russian Federation"
RENE,MCALISTER,"1895 Zhezqazghan Drive, Garden Grove, United States"
MORRIS,MCCARTER,"1568 Celaya Parkway, Fengshan, Taiwan"
JESUS,MCCARTNEY,"259 Ipoh Drive, Guarujá, Brazil"
VERA,MCCOY,"1168 Najafabad Parkway, Kabul, Afghanistan"
RICHARD,MCCRARY,"913 Coacalco de Berriozábal Loop, Arlington, United States"
BRAD,MCCURDY,"608 Birgunj Parkway, Chungho, Taiwan"
EDITH,MCDONALD,"1967 Sincelejo Place, Gandhinagar, India"
SAM,MCDUFFIE,"656 Matamoros Drive, Sogamoso, Colombia"
MIRIAM,MCKINNEY,"1336 Benin City Drive, Otsu, Japan"
RAYMOND,MCWHORTER,"503 Sogamoso Loop, Sumqayit, Azerbaijan"
RICARDO,MEADOR,"591 Sungai Petani Drive, Okayama, Japan"
DORA,MEDINA,"1760 Oshawa Manor, Tianjin, China"
CORY,MEEHAN,"556 Asunción Way, Mogiljov, Belarus"
ANTONIO,MEEK,"1190 0 Place, Bagé, Brazil"
CASEY,MENA,"539 Hami Way, Tokat, Turkey"
PETER,MENARD,"1217 Konotop Avenue, Ede, Netherlands"
MARIAN,MENDOZA,"829 Grand Prairie Way, Maringá, Brazil"
NATALIE,MEYER,"1201 Qomsheh Manor, Aparecida de Goiânia, Brazil"
JESSIE,MILAM,"1332 Gaziantep Lane, Binzhou, China"
BECKY,MILES,"1993 Tabuk Lane, Tambaram, India"
SHANE,MILLARD,"184 Mandaluyong Street, La Paz, Mexico"
MARIA,MILLER,"900 Santiago de Compostela Parkway, Kragujevac, Yugoslavia"
ALICIA,MILLS,"1963 Moscow Place, Nagaon, India"
TOM,MILNER,"535 Ahmadnagar Manor, Abu Dhabi, United Arab Emirates"
STEPHANIE,MITCHELL,"42 Brindisi Place, Yerevan, Armenia"
RODNEY,MOELLER,"1936 Lapu-Lapu Parkway, Deba Habe, Nigeria"
STACEY,MONTGOMERY,"1333 Haldia Street, Fuyu, China"
MARGARET,MOORE,"613 Korolev Drive, Masqat, Oman"
ANITA,MORALES,"788 Atšinsk Street, Hubli-Dharwad, India"
STELLA,MORENO,"1473 Changhwa Parkway, Coacalco de Berriozábal, Mexico"
EVELYN,MORGAN,"943 Tokat Street, Vaduz, Liechtenstein"
CRAIG,MORRELL,"717 Changzhou Lane, Cavite, Philippines"
HEATHER,MORRIS,"17 Kabul Boulevard, Nagareyama, Japan"
BESSIE,MORRISON,"1926 Gingoog Street, Syrakusa, Italy"
JASON,MORRISSEY,"1427 A Coruña (La Coruña) Place, Bahía Blanca, Argentina"
BRADLEY,MOTLEY,"1596 Acuña Parkway, Purnea (Purnia), India"
CHERYL,MURPHY,"1213 Ranchi Parkway, Mysore, India"
THELMA,MURRAY,"1175 Tanauan Way, Lima, Peru"
MANUEL,MURRELL,"692 Amroha Drive, Jaffna, Sri Lanka"
PEGGY,MYERS,"733 Mandaluyong Place, Abha, Saudi Arabia"
PENNY,NEAL,"1675 Xi´angfan Manor, Kumbakonam, India"
DEBRA,NELSON,"306 Antofagasta Place, Vila Velha, Brazil"
JAIME,NETTLES,"1746 Faaa Way, Huánuco, Peru"
RANDALL,NEUMANN,"1245 Ibirité Way, La Romana, Dominican Republic"
PATRICK,NEWSOM,"68 Ponce Parkway, Hanoi, Vietnam"
JUSTIN,NGO,"519 Nyeri Manor, Santo André, Brazil"
TAMARA,NGUYEN,"356 Olomouc Manor, Anápolis, Brazil"
SUZANNE,NICHOLS,"456 Escobar Way, Jakarta, Indonesia"
ELMER,NOE,"1768 Udine Loop, Battambang, Cambodia"
JULIO,NOLAND,"182 Nuku´alofa Drive, Konotop, Ukraine"
CODY,NOLEN,"1715 Okayama Street, São Bernardo do Campo, Brazil"
LEONA,OBRIEN,"1308 Sumy Loop, Fuzhou, China"
MARION,OCAMPO,"1464 Kursk Parkway, Weifang, China"
ISAAC,OGLESBY,"186 Skikda Lane, Cuernavaca, Mexico"
JORGE,OLIVARES,"1078 Stara Zagora Drive, Lhokseumawe, Indonesia"
ELLA,OLIVER,"751 Lima Loop, Aden, Yemen"
ANNETTE,OLSON,"431 Xi´angtan Avenue, Allappuzha (Alleppey), India"
DWAYNE,OLVERA,"1447 Imus Place, Rajkot, India"
SYLVIA,ORTIZ,"241 Mosul Lane, Dos Quebradas, Colombia"
MARC,OUTLAW,"1 Valle de Santiago Avenue, Brindisi, Italy"
CARMEN,OWENS,"1378 Alvorada Avenue, Caracas, Venezuela"
DAN,PAINE,"808 Naçala-Porto Parkway, Stockport, United Kingdom"
MEGAN,PALMER,"1560 Jelets Boulevard, Laiwu, China"
FRANCES,PARKER,"686 Garland Manor, Juazeiro do Norte, Brazil"
WANDA,PATTERSON,"1740 Portoviejo Avenue, Sincelejo, Colombia"
LYNN,PAYNE,"710 San Felipe del Progreso Avenue, Lilongwe, Malawi"
IRMA,PEARSON,"127 Iwakuni Boulevard, Hagonoy, Philippines"
LANCE,PEMBERTON,"454 Qinhuangdao Drive, Beni-Mellal, Morocco"
ERIKA,PENA,"898 Jining Lane, Oulu, Finland"
CAROLYN,PEREZ,"1632 Bislig Avenue, Pak Kret, Thailand"
GERALDINE,PERKINS,"97 Shimoga Avenue, Tel Aviv-Jaffa, Israel"
SARA,PERRY,"125 Città del Vaticano Boulevard, Atlixco, Mexico"
WALTER,PERRYMAN,"1909 Benguela Lane, Xinxiang, China"
SUE,PETERS,"817 Bradford Loop, Changzhou, China"
NICOLE,PETERSON,"57 Arlington Manor, Shivapuri, India"
BOB,PFEIFFER,"415 Pune Avenue, Xintai, China"
JANET,PHILLIPS,"1718 Valencia Street, Antofagasta, Chile"
SALLY,PIERCE,"1540 Wroclaw Drive, Chandrapur, India"
JEFFERY,PINSON,"966 Arecibo Loop, Dadu, Pakistan"
MAX,PITT,"1917 Kumbakonam Parkway, Novi Sad, Yugoslavia"
HECTOR,POINDEXTER,"185 Mannheim Lane, Pjatigorsk, Russian Federation"
CARRIE,PORTER,"1854 Tieli Street, Liaocheng, China"
BILLY,POULIN,"1061 Ede Avenue, Cabuyao, Philippines"
ANNE,POWELL,"1557 Kütahya Boulevard, Bradford, United Kingdom"
DARRELL,POWER,"1844 Usak Avenue, Halifax, Canada"
KEN,PREWITT,"1342 Abha Boulevard, Bucuresti, Romania"
IRENE,PRICE,"602 Paarl Street, Pavlodar, Kazakstan"
GLENN,PULLEN,"992 Klerksdorp Loop, Amersfoort, Netherlands"
ANDREW,PURDY,"431 Székesfehérvár Avenue, Baku, Azerbaijan"
STEPHEN,QUALLS,"1838 Tabriz Lane, Dhaka, Bangladesh"
TROY,QUIGLEY,"983 Santa Fé Way, Vancouver, Canada"
ROGER,QUINTANILLA,"381 Kabul Way, Hsichuh, Taiwan"
VINCENT,RALSTON,"397 Sunnyvale Avenue, Allende, Mexico"
CHRISTINA,RAMIREZ,"1124 Buenaventura Drive, al-Hawiya, Saudi Arabia"
EVA,RAMOS,"1666 Beni-Mellal Place, Clarksville, United States"
ANDRE,RAPP,"568 Dhule (Dhulia) Loop, Coquimbo, Chile"
DALE,RATCLIFF,"1639 Saarbrücken Drive, Rustenburg, South Africa"
AUDREY,RAY,"1010 Klerksdorp Way, Graz, Austria"
JIM,REA,"814 Simferopol Loop, El Fuerte, Mexico"
DORIS,REED,"1697 Kowloon and New Kowloon Loop, Balašiha, Russian Federation"
CONSTANCE,REID,"885 Yingkou Manor, Zaria, Nigeria"
NEIL,RENNER,"1817 Livorno Way, Cam Ranh, Vietnam"
DEBBIE,REYES,"928 Jaffna Loop, Fukuyama, Japan"
ROSA,REYNOLDS,"793 Cam Ranh Avenue, Lancaster, United States"
EDGAR,RHOADS,"1269 Ipoh Avenue, Eskisehir, Turkey"
SHERRI,RHODES,"922 Vila Velha Loop, Ahmadnagar, India"
JAMIE,RICE,"879 Newcastle Way, Sterling Heights, United States"
WILMA,RICHARDS,"660 Jedda Boulevard, Bellevue, United States"
ASHLEY,RICHARDSON,"1214 Hanoi Way, Lincoln, United States"
RONNIE,RICKETTS,"1889 Valparai Way, Ziguinchor, Senegal"
KEITH,RICO,"482 Kowloon and New Kowloon Manor, Bratislava, Slovakia"
BRITTANY,RILEY,"140 Chiayi Parkway, Sumy, Ukraine"
MARK,RINEHART,"780 Kimberley Way, Tabuk, Saudi Arabia"
KATHERINE,RIVERA,"915 Ponce Place, Basel, Switzerland"
JAY,ROBB,"1947 Paarl Way, Surakarta, Indonesia"
ERIC,ROBERT,"430 Kumbakonam Drive, Santa Fé, Argentina"
CHRISTINE,ROBERTS,"1447 Imus Way, Faaa, French Polynesia"
JOANNE,ROBERTSON,"1337 Lincoln Parkway, Urawa, Japan"
GREG,ROBINS,"1786 Salinas Place, Nam Dinh, Vietnam"
SHARON,ROBINSON,"1688 Okara Way, Mardan, Pakistan"
LAURA,RODRIGUEZ,"28 Charlotte Amalie Street, Salé, Morocco"
VIOLET,RODRIQUEZ,"1912 Allende Manor, Kowloon and New Kowloon, Hong Kong"
TERESA,ROGERS,"1964 Allappuzha (Alleppey) Street, Iwakuni, Japan"
MINNIE,ROMERO,"47 Syktyvkar Lane, Ciomas, Indonesia"
DARLENE,ROSE,"1386 Nakhon Sawan Boulevard, Pyongyang, North Korea"
MARILYN,ROSS,"1888 Kabul Drive, Ife, Nigeria"
TERRANCE,ROUSH,"42 Fontana Avenue, Székesfehérvár, Hungary"
DAVID,ROYAL,"827 Yuncheng Drive, Callao, Peru"
VIVIAN,RUIZ,"741 Ambattur Manor, ´s-Hertogenbosch, Netherlands"
NATHAN,RUNYON,"264 Bhimavaram Manor, Charlotte Amalie, Virgin Islands, U.S."
ANNIE,RUSSELL,"1599 Plock Drive, Tete, Mozambique"
TARA,RYAN,"1688 Nador Lane, Gorontalo, Indonesia"
RYAN,SALISBURY,"1673 Tangail Drive, Daugavpils, Latvia"
GENE,SANBORN,"1416 San Juan Bautista Tuxtepec Avenue, Salala, Oman"
JULIE,SANCHEZ,"939 Probolinggo Loop, A Coruña (La Coruña), Spain"
TAMMY,SANDERS,"1551 Rampur Lane, Changhwa, Taiwan"
WILLIAM,SATTERFIELD,"687 Alessandria Parkway, Sanaa, Yemen"
DEAN,SAUER,"270 Tambaram Parkway, Johannesburg, South Africa"
JONATHAN,SCARBOROUGH,"1698 Southport Loop, Pachuca de Soto, Mexico"
JESSE,SCHILLING,"514 Ife Way, Lubumbashi, Congo, The Democratic Republic of the"
ROSEMARY,SCHMIDT,"1215 Pyongyang Parkway, Usak, Turkey"
LEONARD,SCHOFIELD,"88 Nagaon Manor, Tandil, Argentina"
JIMMY,SCHRADER,"616 Hagonoy Avenue, Atšinsk, Russian Federation"
KEVIN,SCHULER,"470 Boksburg Street, Birgunj, Nepal"
ANTHONY,SCHWAB,"1892 Nabereznyje Tšelny Lane, Tafuna, American Samoa"
BRUCE,SCHWARZ,"1565 Tangail Manor, Okinawa, Japan"
REBECCA,SCOTT,"61 Tama Street, Kurashiki, Japan"
STANLEY,SCROGGINS,"1266 Laredo Parkway, Omiya, Japan"
KARL,SEAL,"1427 Tabuk Place, Cape Coral, United States"
AARON,SELBY,"1519 Santiago de los Caballeros Loop, Mwene-Ditu, Congo, The Democratic Republic of the"
LESLIE,SEWARD,"1152 al-Qatif Lane, Pontianak, Indonesia"
EARL,SHANKS,"168 Cianjur Manor, Iwatsuki, Japan"
CLARA,SHAW,"1027 Songkhla Manor, Molodetšno, Belarus"
RICKY,SHELBY,"722 Bradford Lane, Junan, China"
SCOTT,SHELLEY,"587 Benguela Manor, Aurora, United States"
DIANNE,SHELTON,"600 Bradford Street, Tabriz, Iran"
WARREN,SHERROD,"1621 Tongliao Avenue, Usolje-Sibirskoje, Russian Federation"
FRANCIS,SIKES,"355 Vitória de Santo Antão Way, San Juan Bautista Tuxtepec, Mexico"
MAXINE,SILVA,"1338 Zalantun Lane, Poços de Caldas, Brazil"
MICHAEL,SILVERMAN,"1908 Gaziantep Place, Tiefa, China"
TINA,SIMMONS,"984 Effon-Alaiye Avenue, Goiânia, Brazil"
ARTHUR,SIMPKINS,"1157 Nyeri Loop, Maikop, Russian Federation"
ELLEN,SIMPSON,"1666 Qomsheh Drive, Poá, Brazil"
VANESSA,SIMS,"1792 Valle de la Pascua Place, Siegen, Germany"
FRANCISCO,SKIDMORE,"614 Denizli Parkway, São Leopoldo, Brazil"
GILBERT,SLEDGE,"1515 Korla Way, York, United Kingdom"
WALLACE,SLONE,"1342 Sharja Way, Sokoto, Nigeria"
MARY,SMITH,"1913 Hanoi Way, Sasebo, Japan"
MARION,SNYDER,"1891 Rizhao Boulevard, Santa Bárbara d´Oeste, Brazil"
NINA,SOTO,"1519 Ilorin Place, Palghat (Palakkad), India"
ROLAND,SOUTH,"1993 0 Loop, Yingkou, China"
JEFFREY,SPEAR,"1860 Taguig Loop, Ciparay, Indonesia"
CATHY,SPENCER,"1287 Xi´angfan Boulevard, Kakamigahara, Japan"
KYLE,SPURLOCK,"1269 Botosani Manor, Shanwei, China"
SERGIO,STANFIELD,"1402 Zanzibar Boulevard, Celaya, Mexico"
ALLISON,STANLEY,"754 Valencia Place, Phnom Penh, Cambodia"
KIRK,STCLAIR,"1923 Stara Zagora Lane, Tsaotun, Taiwan"
LORRAINE,STEPHENS,"154 Tallahassee Loop, Hami, China"
ERNEST,STEPP,"500 Lincoln Parkway, Huai´an, China"
ELAINE,STEVENS,"801 Hagonoy Drive, Smolensk, Russian Federation"
ALICE,STEWART,"1135 Izumisano Parkway, Fontana, United States"
IAN,STILL,"1894 Boa Vista Way, Garland, United States"
VERONICA,STONE,"369 Papeete Way, Greensboro, United States"
DAWN,SULLIVAN,"454 Nakhon Sawan Boulevard, Funafuti, Tuvalu"
FELICIA,SUTTON,"226 Halifax Street, Korla, China"
PERRY,SWAFFORD,"773 Dallas Manor, Quilmes, Argentina"
GLEN,TALBERT,"1789 Saint-Denis Parkway, Acuña, Mexico"
TODD,TAN,"1793 Meixian Place, Kamjanets-Podilskyi, Ukraine"
DOROTHY,TAYLOR,"1531 Salé Drive, Esfahan, Iran"
SALVADOR,TEEL,"247 Jining Parkway, Banjul, Gambia"
JENNIE,TERRY,"682 Halisahar Place, Olomouc, Czech Republic"
NANCY,THOMAS,"808 Bhopal Manor, Yamuna Nagar, India"
DONNA,THOMPSON,"270 Toulon Boulevard, Elista, Russian Federation"
MARSHALL,THORN,"1584 Ljubertsy Lane, Southampton, United Kingdom"
LARRY,THRASHER,"663 Bahía Blanca Parkway, Adana, Turkey"
LONNIE,TIRADO,"1658 Cumaná Loop, Pangkal Pinang, Indonesia"
CLYDE,TOBIAS,"1909 Dayton Avenue, Shaoguan, China"
EDDIE,TOMLIN,"1351 Aparecida de Goiânia Parkway, Ozamis, Philippines"
KELLY,TORRES,"1586 Guarujá Place, Xi´angtan, China"
PAUL,TROUT,"746 Joliet Lane, Kursk, Russian Federation"
FRANKLIN,TROUTMAN,"1778 Gijón Manor, Zaoyang, China"
WAYNE,TRUONG,"1049 Matamoros Parkway, Gulbarga, India"
DUANE,TUBBS,"962 Tama Loop, Yangor, Nauru"
MARJORIE,TUCKER,"1050 Garden Grove Avenue, Jastrzebie-Zdrój, Poland"
MARIE,TURNER,"1998 Halifax Drive, Lipetsk, Russian Federation"
JOHNNY,TURPIN,"1152 Citrus Heights Manor, al-Qadarif, Sudan"
ANDY,VANHORN,"966 Asunción Way, Huejutla de Reyes, Mexico"
CHRISTY,VARGAS,"1158 Mandi Bahauddin Parkway, Datong, China"
BENJAMIN,VARNEY,"817 Laredo Avenue, Guadalajara, Mexico"
TERRI,VASQUEZ,"1304 ´s-Hertogenbosch Way, Blumenau, Brazil"
JULIAN,VEST,"923 Tangail Boulevard, Akishima, Japan"
CECIL,VINES,"548 Uruapan Street, London, United Kingdom"
ROBERTO,VU,"1297 Alvorada Parkway, Yinchuan, China"
MARGIE,WADE,"1762 Paarl Parkway, Lengshuijiang, China"
FRANK,WAGGONER,"1816 Bydgoszcz Loop, Jamalpur, Bangladesh"
DOLORES,WAGNER,"316 Uruapan Street, Ipoh, Malaysia"
HUGH,WALDROP,"904 Clarksville Drive, Haining, China"
DEBORAH,WALKER,"934 San Felipe de Puerto Plata Street, Shikarpur, Pakistan"
CONNIE,WALLACE,"1867 San Juan Bautista Tuxtepec Avenue, Ivanovo, Russian Federation"
CASSANDRA,WALTERS,"920 Kumbakonam Loop, Salinas, United States"
JANICE,WARD,"1150 Kimchon Manor, Malmö, Sweden"
HAZEL,WARREN,"1587 Sullana Lane, Hohhot, China"
RUBY,WASHINGTON,"1952 Chatsworth Drive, Meixian, China"
YVONNE,WATKINS,"1848 Salala Boulevard, Ocumare del Tuy, Venezuela"
THERESA,WATSON,"89 Allappuzha (Alleppey) Manor, Taguig, Philippines"
SHELLY,WATTS,"32 Pudukkottai Lane, Dayton, United States"
JAMIE,WAUGH,"958 Sagamihara Lane, Kuwana, Japan"
MIKE,WAY,"990 Etawah Loop, Valparai, India"
YOLANDA,WEAVER,"605 Rio Claro Parkway, Tabora, Tanzania"
ETHEL,WEBB,"569 Baicheng Lane, Boksburg, South Africa"
RONALD,WEINER,"1145 Vilnius Manor, San Felipe del Progreso, Mexico"
MARLENE,WELCH,"1148 Saarbrücken Parkway, Iwaki, Japan"
SHEILA,WELLS,"848 Tafuna Manor, Kütahya, Turkey"
EDNA,WEST,"682 Junan Way, Klerksdorp, South Africa"
MITCHELL,WESTMORELAND,"617 Klerksdorp Place, Nha Trang, Vietnam"
FRED,WHEAT,"433 Florencia Street, Juárez, Mexico"
LUCY,WHEELER,"624 Oshawa Boulevard, Balurghat, India"
BETTY,WHITE,"770 Bydgoszcz Avenue, Citrus Heights, United States"
ROY,WHITING,"1658 Jastrzebie-Zdrój Loop, Nyeri, Kenya"
JON,WILES,"659 Gatineau Boulevard, El Alto, Bolivia"
LINDA,WILLIAMS,"692 Joliet Street, Athenai, Greece"
GINA,WILLIAMSON,"1001 Miyakonojo Lane, Taizz, Yemen"
BERNICE,WILLIS,"29 Pyongyang Loop, Batman, Turkey"
SUSAN,WILSON,"478 Joliet Way, Hamilton, New Zealand"
DARREN,WINDHAM,"379 Lublin Parkway, Livorno, Italy"
VIRGIL,WOFFORD,"760 Miyakonojo Drive, José Azueta, Mexico"
LORI,WOOD,"936 Salzburg Lane, Rae Bareli, India"
FLORENCE,WOODS,"1532 Dzerzinsk Way, Merlo, Argentina"
TYLER,WREN,"1060 Tandil Lane, Rizhao, China"
BRENDA,WRIGHT,"33 Gorontalo Way, Kamarhati, India"
BRIAN,WYMAN,"1769 Iwaki Lane, Bydgoszcz, Poland"
LUIS,YANEZ,"1346 Mysore Drive, Brest, France"
MARVIN,YEE,"126 Acuña Parkway, Berhampore (Baharampur), India"
CYNTHIA,YOUNG,"1425 Shikarpur Manor, Munger (Monghyr), India"
